{"count":1,"self":46.2989408,"total":47.254759299999996,"children":{"InitializeActuators":{"count":10,"self":0.0019993999999999997,"total":0.0019993999999999997,"children":null},"InitializeSensors":{"count":10,"self":0.00099969999999999985,"total":0.00099969999999999985,"children":null},"AgentSendState":{"count":3174,"self":0.011611699999999999,"total":0.2106282,"children":{"CollectObservations":{"count":6350,"self":0.18401289999999998,"total":0.18401289999999998,"children":null},"WriteActionMask":{"count":6350,"self":0.0030012,"total":0.0030012,"children":null},"RequestDecision":{"count":6350,"self":0.0120024,"total":0.0120024,"children":null}}},"DecideAction":{"count":3174,"self":0.57001479999999993,"total":0.57001479999999993,"children":null},"AgentAct":{"count":3174,"self":0.1711769,"total":0.1711769,"children":null}},"gauges":{"Walker.CumulativeReward":{"count":10,"max":983.180664,"min":6.938121,"runningAverage":239.003662,"value":287.920776,"weightedAverage":311.598175}},"metadata":{"timer_format_version":"0.1.0","start_time_seconds":"1715991538","unity_version":"2023.2.20f1","command_line_arguments":"T:\\UNITY\\2023.2.20f1\\Editor\\Unity.exe -projectpath T:\\UNITY\\GIT2\\ml-agents\\Project -useHub -hubIPC -cloudEnvironment production","communication_protocol_version":"1.5.0","com.unity.ml-agents_version":"3.0.0-exp.1","scene_name":"Walker","end_time_seconds":"1715991585"}}