{"count":1,"self":35.4758208,"total":37.142293099999996,"children":{"InitializeActuators":{"count":24,"self":0.0010000999999999999,"total":0.0010000999999999999,"children":null},"InitializeSensors":{"count":24,"self":0.0029993999999999997,"total":0.0029993999999999997,"children":null},"AgentSendState":{"count":1610,"self":0.1366154,"total":0.17079149999999998,"children":{"CollectObservations":{"count":7728,"self":0.026145099999999998,"total":0.026145099999999998,"children":null},"WriteActionMask":{"count":7728,"self":0.0009976,"total":0.0009976,"children":null},"RequestDecision":{"count":7728,"self":0.0070333999999999995,"total":0.0070333999999999995,"children":null}}},"DecideAction":{"count":1610,"self":0.91781139999999994,"total":0.9383121,"children":{"RayPerceptionSensor.Perceive":{"count":15456,"self":0.0205007,"total":0.0205007,"children":null}}},"AgentAct":{"count":1610,"self":0.5523724,"total":0.5523724,"children":null}},"gauges":{"BigWallJump.CumulativeReward":{"count":226,"max":0.96,"min":-1.0705,"runningAverage":0.878931165,"value":0.9515,"weightedAverage":0.93579936},"SmallWallJump.CumulativeReward":{"count":196,"max":0.9875,"min":0.9585,"runningAverage":0.9763164,"value":0.9745,"weightedAverage":0.9753301}},"metadata":{"timer_format_version":"0.1.0","start_time_seconds":"1715974135","unity_version":"2023.2.20f1","command_line_arguments":"T:\\UNITY\\2023.2.20f1\\Editor\\Unity.exe -projectpath T:\\UNITY\\GIT2\\ml-agents\\Project -useHub -hubIPC -cloudEnvironment production","communication_protocol_version":"1.5.0","com.unity.ml-agents_version":"3.0.0-exp.1","scene_name":"WallJump","end_time_seconds":"1715974172"}}